month,us_2y,us_10y,us_10y_real,fed_upper,fed_assets_musd,tga_musd,rrp_busd,eur_usd,usd_cny,brent,vix,vix3m,nasdaq,sp500,net_liquidity_busd,curve_10y_2y,fed_move_bp,us_10y_real_chg,net_liquidity_busd_chg,eur_usd_chg,usd_cny_chg,brent_chg,vix_chg,nasdaq_chg,us_2y_chg
2017-09,1.47,2.33,0.49,1.25,4455661.0,164652.0,316.09,1.1813,6.6533,57.02,9.51,12.49,6495.96,2519.36,3974.919,0.8600000000000001,0,,,,,,,,
2017-10,1.6,2.38,0.5,1.25,4461117.0,196332.0,173.605,1.1648,6.6328,61.35,10.18,12.38,6727.67,2575.26,4091.18,0.7799999999999998,0,0.010000000000000009,116.26099999999997,-1.3967662744434062,-0.3081177761411702,7.593826727464048,0.6699999999999999,3.566986249915338,0.13000000000000012
2017-11,1.78,2.42,0.56,1.25,4438592.0,172282.0,102.719,1.1898,6.609,63.53,11.28,13.04,6873.97,2647.58,4163.591,0.6399999999999999,0,0.06000000000000005,72.41100000000051,2.1462912087911956,-0.3588228199252086,3.553382233088831,1.0999999999999996,2.174601310706392,0.17999999999999994
2017-12,1.89,2.4,0.44,1.5,4448680.0,190283.0,319.595,1.2022,6.5063,66.73,11.04,13.09,6903.39,2673.61,3938.8019999999997,0.51,25,-0.12000000000000005,-224.78900000000067,1.0421919650361433,-1.553941594794972,5.036990398237062,-0.2400000000000002,0.42799139361970884,0.10999999999999988
2018-01,2.14,2.72,0.61,1.5,4419225.0,270244.0,65.797,1.2428,6.2841,67.78,13.54,14.9,7411.48,2823.81,4083.1839999999997,0.5800000000000001,0,0.16999999999999998,144.38200000000006,3.3771419065047326,-3.415151468576627,1.5735051700884073,2.5,7.360007184875816,0.2500000000000002
2018-02,2.25,2.87,0.75,1.5,4393401.0,202620.0,44.51,1.2211,6.328,66.08,19.85,19.89,7273.01,2713.83,4146.271,0.6200000000000001,0,0.14,63.08699999999999,-1.7460572899903326,0.6985885011377979,-2.508114488049573,6.310000000000002,-1.868317798874175,0.10999999999999988
2018-03,2.27,2.74,0.69,1.75,4392198.0,318858.0,17.898,1.232,6.2726,69.02,19.97,20.55,7063.44,2640.87,4055.442,0.4700000000000002,25,-0.06000000000000005,-90.82899999999972,0.8926377856031342,-0.8754740834386987,4.449152542372881,0.11999999999999744,-2.8814754826406164,0.020000000000000018
2018-04,2.49,2.95,0.78,1.75,4372886.0,359599.0,13.83,1.2074,6.3325,75.92,15.93,17.34,7066.27,2648.05,3999.457,0.45999999999999996,0,0.09000000000000008,-55.98500000000013,-1.9967532467532467,0.9549469119663367,9.99710228919155,-4.039999999999999,0.040065463853311556,0.2200000000000002
2018-05,2.4,2.83,0.76,1.75,4327519.0,325351.0,21.475,1.167,6.4096,76.45,15.43,16.33,7442.12,2705.27,3980.693,0.43000000000000016,0,-0.020000000000000018,-18.76399999999967,-3.3460327977472226,1.2175286221871362,0.6981032665964282,-0.5,5.318930638087704,-0.0900000000000003
2018-06,2.52,2.85,0.74,2.0,4305491.0,373940.0,96.97,1.1677,6.6171,77.44,16.09,17.14,7510.3,2718.37,3834.581,0.33000000000000007,25,-0.020000000000000018,-146.11200000000008,0.05998286203940939,3.237331502745877,1.2949640287769792,0.6600000000000001,0.9161367997291059,0.1200000000000001
2018-07,2.67,2.96,0.84,2.0,4277681.0,348886.0,9.045,1.1706,6.8038,74.16,12.83,14.87,7671.79,2816.29,3919.75,0.29000000000000004,0,0.09999999999999998,85.16899999999987,0.24835146013530984,2.8214776865998825,-4.23553719008265,-3.26,2.150246994128069,0.1499999999999999
2018-08,2.62,2.86,0.78,2.0,4218914.0,342543.0,0.39,1.1596,6.83,76.94,12.86,15.15,8109.54,2901.52,3875.981,0.23999999999999977,0,-0.05999999999999994,-43.76899999999978,-0.9396890483512776,0.38507892648227404,3.7486515641855567,0.02999999999999936,5.7059695325341275,-0.04999999999999982
2018-09,2.81,3.05,0.91,2.25,4192909.0,370031.0,48.43,1.1622,6.868,82.72,12.12,14.77,8046.35,2913.98,3774.4480000000003,0.23999999999999977,25,0.13,-101.5329999999999,0.22421524663676085,0.556368960468534,7.51234728359762,-0.7400000000000002,-0.7792057256021834,0.18999999999999995
2018-10,2.87,3.15,1.1,2.25,4139731.0,373368.0,4.815,1.1332,6.9737,74.84,21.23,21.15,7305.9,2711.74,3761.548,0.2799999999999998,0,0.19000000000000006,-12.900000000000546,-2.4952675959387327,1.5390215492137482,-9.526112185686653,9.110000000000001,-9.202309121527163,0.06000000000000005
2018-11,2.8,3.01,1.04,2.25,4097170.0,340596.0,2.49,1.1323,6.9558,57.71,18.07,18.89,7330.54,2760.17,3754.0840000000003,0.20999999999999996,0,-0.06000000000000005,-7.463999999999487,-0.07942110836568483,-0.25667866412377727,-22.88882950293961,-3.16,0.3372616652294713,-0.07000000000000028
2018-12,2.48,2.69,0.98,2.5,4075636.0,374085.0,41.848,1.1456,6.8755,50.57,25.42,23.73,6635.28,2506.85,3659.703,0.20999999999999996,25,-0.06000000000000005,-94.38100000000031,1.1746003709264263,-1.1544322723482603,-12.372205856870554,7.350000000000001,-9.484430887765438,-0.31999999999999984
2019-01,2.45,2.63,0.78,2.5,4039678.0,403276.0,1.051,1.1454,6.6958,62.46,16.57,17.88,7281.74,2704.1,3635.351,0.17999999999999972,0,-0.19999999999999996,-24.35199999999986,-0.017458100558653822,-2.6136280997745565,23.511963614791377,-8.850000000000001,9.742768956246017,-0.029999999999999805
2019-02,2.52,2.73,0.78,2.5,3974590.0,310574.0,3.415,1.1379,6.6912,65.03,14.78,16.1,7532.53,2784.49,3660.601,0.20999999999999996,0,0.0,25.25,-0.6547930853850192,-0.06869978195286341,4.114633365353826,-1.790000000000001,3.4440944060073475,0.06999999999999984
2019-03,2.27,2.41,0.53,2.5,3955617.0,310868.0,0.731,1.1228,6.7112,67.93,13.71,15.8,7729.32,2834.4,3644.0179999999996,0.14000000000000012,0,-0.25,-16.58300000000054,-1.3270058880393565,0.29890004782400226,4.459480239889291,-1.0699999999999985,2.6125352305268024,-0.25
2019-04,2.27,2.51,0.56,2.5,3928273.0,378602.0,0.015,1.1201,6.7347,72.19,13.12,15.23,8095.39,2945.83,3549.656,0.23999999999999977,0,0.030000000000000027,-94.36199999999963,-0.24047025293907343,0.3501609250208704,6.271161489768873,-0.5900000000000016,4.736121676939242,0.0
2019-05,1.95,2.14,0.4,2.5,3851444.0,247777.0,0.855,1.1149,6.9027,66.78,18.71,18.83,7453.15,2752.06,3602.812,0.19000000000000017,0,-0.16000000000000003,53.15599999999995,-0.4642442639050115,2.4945431867789303,-7.494112757999716,5.590000000000002,-7.933404073182404,-0.32000000000000006
2019-06,1.75,2.0,0.31,2.5,3826817.0,248302.0,44.307,1.1374,6.865,67.52,15.08,16.06,8006.24,2941.76,3534.208,0.25,0,-0.09000000000000002,-68.60399999999981,2.018118216880427,-0.5461630956002717,1.108116202455811,-3.630000000000001,7.42088915425021,-0.19999999999999996
2019-07,1.89,2.02,0.26,2.5,3779102.0,163763.0,7.367,1.113,6.8833,64.07,16.12,16.91,8175.42,2980.38,3607.9719999999998,0.13000000000000012,0,-0.04999999999999999,73.76399999999967,-2.1452435378934376,0.2665695557173997,-5.109597156398104,1.040000000000001,2.1131017806111263,0.1399999999999999
2019-08,1.5,1.5,-0.05,2.25,3759946.0,145957.0,12.089,1.0989,7.1543,61.04,18.98,19.54,7962.88,2926.46,3601.9,0.0,-25,-0.31,-6.071999999999662,-1.2668463611859804,3.937065070533019,-4.729202434836887,2.8599999999999994,-2.5997441110059194,-0.3899999999999999
2019-09,1.63,1.68,0.15,2.0,3857715.0,314189.0,7.057,1.0905,7.1477,60.99,16.24,17.96,7999.33,2976.74,3536.469,0.050000000000000044,-25,0.2,-65.43100000000004,-0.7644007644007633,-0.09225221195644506,-0.08191349934468795,-2.740000000000002,0.4577489551518932,0.1299999999999999
2019-10,1.52,1.69,0.15,1.75,4019823.0,389872.0,2.851,1.1155,7.0379,59.3,13.22,16.05,8292.36,3037.56,3627.1,0.16999999999999993,-25,0.0,90.63099999999986,2.2925263640531712,-1.5361584845474896,-2.7709460567306166,-3.019999999999998,3.6631817914750453,-0.10999999999999988
2019-11,1.61,1.78,0.17,1.75,4052875.0,360941.0,0.75,1.1019,7.0308,64.5,12.62,15.51,8665.47,3140.98,3691.184,0.16999999999999993,0,0.020000000000000018,64.08400000000029,-1.219184222321812,-0.10088236547832752,8.768971332209109,-0.6000000000000014,4.499442860657266,0.09000000000000008
2019-12,1.58,1.92,0.15,1.75,4165591.0,367820.0,64.087,1.1227,6.9618,67.77,13.78,15.87,8972.6,3230.78,3733.684,0.33999999999999986,0,-0.020000000000000018,42.5,1.8876486069516307,-0.9813961426864637,5.069767441860451,1.1600000000000001,3.544297077942704,-0.030000000000000027
2020-01,1.33,1.51,-0.14,1.75,4151630.0,432061.0,4.5,1.1082,6.9161,57.77,18.84,18.63,9150.94,3225.52,3715.069,0.17999999999999994,0,-0.29000000000000004,-18.615000000000236,-1.2915293488910629,-0.6564394265850759,-14.755791648221916,5.0600000000000005,1.987606713773049,-0.25
2020-02,0.86,1.13,-0.28,1.75,4158637.0,439365.0,2.187,1.1001,6.9906,51.31,40.11,29.85,8567.37,2954.22,3717.085,0.2699999999999999,0,-0.14,2.0160000000000764,-0.7309149972929085,1.0771966859935533,-11.182274536956903,21.27,-6.377159067811611,-0.4700000000000001
2020-03,0.23,0.7,-0.17,0.25,5254278.0,390252.0,284.908,1.1016,7.0808,14.85,53.54,48.32,7700.1,2584.59,4579.1179999999995,0.47,-150,0.11000000000000001,862.0329999999994,0.13635124079627303,1.2903041226790313,-71.05827324108361,13.43,-10.122943213611645,-0.63
2020-04,0.2,0.64,-0.43,0.25,6655929.0,997507.0,1.775,1.0934,7.0622,18.11,34.15,35.05,8889.55,2912.43,5656.647,0.44,0,-0.26,1077.5290000000005,-0.7443718228031915,-0.2626821828042081,21.952861952861944,-19.39,15.447201984389803,-0.03
2020-05,0.16,0.65,-0.5,0.25,7097316.0,1310491.0,1.325,1.1107,7.1348,34.15,27.51,30.27,9489.87,3044.31,5785.5,0.49,0,-0.07,128.85300000000007,1.5822205963051061,1.0280082693778114,88.56985091109884,-6.639999999999997,6.753097738355729,-0.04000000000000001
2020-06,0.16,0.66,-0.68,0.25,7082302.0,1623942.0,0.95,1.1237,7.0651,41.64,30.43,32.52,10058.77,3100.29,5457.41,0.5,0,-0.18000000000000005,-328.09000000000015,1.1704330602322788,-0.9769019453944039,21.93265007320644,2.919999999999998,5.9948134168329,0.0
2020-07,0.11,0.55,-1.0,0.25,6949032.0,1816687.0,0.15,1.1822,6.9744,43.13,24.46,29.71,10745.27,3271.12,5132.195000000001,0.44000000000000006,0,-0.31999999999999995,-325.21499999999924,5.206015840526823,-1.283775176572166,3.5782901056676364,-5.969999999999999,6.824890120760285,-0.05
2020-08,0.14,0.72,-1.08,0.25,6990418.0,1622690.0,0.011,1.195,6.8474,45.22,26.41,31.85,11775.46,3500.31,5367.717,0.58,0,-0.08000000000000007,235.52199999999903,1.0827271189308263,-1.8209451709107594,4.8458149779735615,1.9499999999999993,9.587381238442582,0.030000000000000013
2020-09,0.13,0.69,-0.94,0.25,7056129.0,1679152.0,0.85,1.1723,6.7896,40.3,26.37,31.64,11167.68,3363.0,5376.1269999999995,0.5599999999999999,0,0.14000000000000012,8.409999999999854,-1.899581589958177,-0.844116014837748,-10.880141530296328,-0.03999999999999915,-5.161411953333451,-0.010000000000000009
2020-10,0.14,0.88,-0.82,0.25,7146306.0,1680933.0,0.001,1.1647,6.6919,36.33,38.02,36.27,10911.59,3269.96,5465.371999999999,0.74,0,0.12,89.24499999999989,-0.6482982171798879,-1.438965476611287,-9.851116625310175,11.650000000000002,-2.293135190120066,0.010000000000000009
2020-11,0.16,0.84,-0.93,0.25,7216480.0,1517215.0,0.006,1.1948,6.576,46.84,20.57,24.33,12198.74,3621.63,5699.259,0.6799999999999999,0,-0.1100000000000001,233.88700000000063,2.58435648664892,-1.7319445897278962,28.92925956509773,-17.450000000000003,11.7961726934388,0.01999999999999999
2020-12,0.13,0.93,-1.06,0.25,7363351.0,1591055.0,9.651,1.223,6.525,51.22,22.75,25.28,12888.28,3756.07,5762.645,0.8,0,-0.13,63.38600000000042,2.3602276531637045,-0.7755474452554645,9.350982066609713,2.1799999999999997,5.652551001168971,-0.03
2021-01,0.11,1.11,-1.02,0.25,7404926.0,1633540.0,7.1,1.2135,6.4282,55.25,33.09,33.88,13070.69,3714.24,5764.286,1.0,0,0.040000000000000036,1.6409999999996217,-0.7767784137367229,-1.4835249042145615,7.868020304568524,10.340000000000003,1.415316861520699,-0.020000000000000004
2021-02,0.14,1.44,-0.71,0.25,7590111.0,1529977.0,11.2,1.2093,6.473,65.86,27.95,29.6,13192.35,3811.15,6048.934,1.2999999999999998,0,0.31000000000000005,284.64800000000014,-0.3461063040791079,0.6969291559067781,19.203619909502258,-5.140000000000004,0.930784832323317,0.030000000000000013
2021-03,0.16,1.74,-0.63,0.25,7688988.0,1025727.0,134.307,1.1743,6.5518,63.52,19.4,22.15,13246.87,3972.89,6528.954000000001,1.58,0,0.07999999999999996,480.02000000000044,-2.8942363350698885,1.2173644368917103,-3.5529911934406244,-8.55,0.4132698116711575,0.01999999999999999
2021-04,0.16,1.65,-0.76,0.25,7780962.0,967689.0,183.234,1.203,6.4749,67.73,18.61,22.07,13962.68,4181.17,6630.039,1.49,0,-0.13,101.08499999999913,2.444009196968411,-1.1737232516255136,6.627833753148615,-0.7899999999999991,5.4036160995012406,0.0
2021-05,0.14,1.58,-0.84,0.25,7903541.0,812473.0,479.498,1.2194,6.3674,69.36,16.76,20.48,13748.74,4204.11,6611.570000000001,1.44,0,-0.07999999999999996,-18.46899999999914,1.36325852036574,-1.660257301271062,2.406614498745019,-1.8499999999999979,-1.5322273374452466,-0.01999999999999999
2021-06,0.25,1.45,-0.87,0.25,8078544.0,745962.0,991.939,1.1848,6.4566,76.94,15.83,19.51,14503.95,4297.5,6340.643,1.2,0,-0.030000000000000027,-270.9270000000006,-2.8374610464162675,1.4008857618494241,10.928489042675892,-0.9300000000000015,5.492939716657674,0.10999999999999999
2021-07,0.19,1.24,-1.16,0.25,8221473.0,578204.0,1039.394,1.1864,6.4609,77.72,18.24,22.18,14672.68,4395.26,6603.875,1.05,0,-0.2899999999999999,263.23199999999997,0.13504388926399713,0.06659851934454064,1.0137769690668152,2.4099999999999984,1.1633382630249045,-0.06
2021-08,0.2,1.3,-1.03,0.25,8332743.0,301430.0,1189.616,1.18,6.4604,73.45,16.48,20.42,15259.24,4522.68,6841.697,1.1,0,0.1299999999999999,237.82200000000012,-0.539447066756571,-0.007738859911154972,-5.494081317550171,-1.759999999999998,3.9976336974567594,0.010000000000000009
2021-09,0.28,1.52,-0.85,0.25,8447981.0,197744.0,1604.881,1.1577,6.4434,77.81,23.14,23.87,14448.58,4307.54,6645.355999999999,1.24,0,0.18000000000000005,-196.34100000000126,-1.889830508474577,-0.26314160113924956,5.936010891763099,6.66,-5.312584375106488,0.08000000000000002
2021-10,0.48,1.55,-0.96,0.25,8556181.0,213291.0,1502.296,1.1552,6.405,83.1,16.26,20.37,15498.39,4605.38,6840.593999999999,1.07,0,-0.10999999999999999,195.23800000000028,-0.21594540900059522,-0.5959586553682783,6.798612003598503,-6.879999999999999,7.265835120129438,0.19999999999999996
2021-11,0.52,1.43,-1.07,0.25,8681771.0,164087.0,1517.956,1.1287,6.364,70.86,27.19,28.13,15537.69,4567.0,6999.727999999999,0.9099999999999999,0,-0.1100000000000001,159.13400000000001,-2.2939750692520744,-0.6401249024199918,-14.729241877256316,10.93,0.25357472614897514,0.040000000000000036
2021-12,0.73,1.52,-1.04,0.25,8757460.0,211849.0,1904.582,1.1318,6.3726,77.24,17.22,21.88,15644.97,4766.18,6641.029,0.79,0,0.030000000000000027,-358.6989999999987,0.27465225480640676,0.13513513513514486,9.003669206886823,-9.970000000000002,0.6904501248254924,0.20999999999999996
2022-01,1.18,1.79,-0.65,0.25,8860485.0,614877.0,1654.85,1.1212,6.361,92.35,24.83,26.85,14239.88,4515.55,6590.758,0.6100000000000001,0,0.39,-50.27100000000064,-0.9365612298992687,-0.182029312996268,19.56240290005178,7.609999999999999,-8.981097438985186,0.44999999999999996
2022-02,1.44,1.83,-0.79,0.25,8928129.0,697838.0,1596.052,1.1224,6.3084,103.08,30.15,29.65,13751.4,4373.94,6634.239,0.3900000000000001,0,-0.14,43.48099999999977,0.1070281840884757,-0.8269140072315717,11.618841364374678,5.32,-3.4303659862302216,0.26
2022-03,2.28,2.32,-0.52,0.5,8937142.0,575065.0,1871.97,1.1093,6.3393,107.29,20.56,24.46,14220.52,4530.41,6490.106999999999,0.040000000000000036,25,0.27,-144.13200000000052,-1.1671418389166188,0.4898230930188374,4.08420644159877,-9.59,3.4114344721264844,0.8399999999999999
2022-04,2.7,2.89,0.01,0.5,8939199.0,944328.0,1906.802,1.0537,6.608,108.36,33.4,33.18,12334.64,4131.93,6088.069,0.18999999999999995,0,0.53,-402.03799999999865,-5.012169836834024,4.2386383354628965,0.9972970453909991,12.84,-13.261681007445581,0.4200000000000004
2022-05,2.53,2.85,0.21,1.0,8914281.0,821535.0,1978.538,1.0731,6.6715,125.53,26.19,27.99,12081.39,4132.15,6114.2080000000005,0.3200000000000003,50,0.19999999999999998,26.139000000000124,1.8411312517794265,0.9609564164648976,15.845330380214095,-7.209999999999997,-2.053160854309488,-0.17000000000000037
2022-06,2.92,2.98,0.65,1.75,8913553.0,756627.0,2329.743,1.0469,6.6981,119.78,28.71,29.71,11028.74,3785.38,5827.183000000001,0.06000000000000005,75,0.44000000000000006,-287.02499999999964,-2.4415245550274856,0.3987109345724438,-4.580578347805309,2.5199999999999996,-8.71298749564412,0.3900000000000001
2022-07,2.89,2.67,0.14,2.5,8890004.0,602945.0,2300.2,1.0202,6.7433,111.51,21.33,23.79,12390.69,4130.29,5986.8589999999995,-0.2200000000000002,75,-0.51,159.67599999999857,-2.5503868564332732,0.6748182320359453,-6.904324595090994,-7.380000000000003,12.349098809111482,-0.029999999999999805
2022-08,3.45,3.15,0.67,2.5,8826093.0,612536.0,2251.025,1.0065,6.889,96.55,25.87,26.65,11816.2,3955.0,5962.532000000001,-0.30000000000000027,0,0.53,-24.326999999998407,-1.3428739462850503,2.1606631767828954,-13.41583714465071,4.540000000000003,-4.636464958771458,0.56
2022-09,4.22,3.83,1.68,3.25,8795567.0,689569.0,2425.91,0.9783,7.1135,88.9,31.62,31.86,10575.62,3585.62,5680.088,-0.3899999999999997,75,1.0099999999999998,-282.4440000000013,-2.801788375558867,3.25881840615474,-7.9233557742102505,5.75,-10.498975982126236,0.7699999999999996
2022-10,4.51,4.1,1.58,3.25,8723090.0,634548.0,2275.459,0.9885,7.3048,93.3,25.88,26.92,10988.15,3871.98,5813.0830000000005,-0.41000000000000014,0,-0.09999999999999987,132.9950000000008,1.0426249616682037,2.6892528291277085,4.949381327334068,-5.740000000000002,3.9007642105143514,0.29000000000000004
2022-11,4.38,3.68,1.34,4.0,8584576.0,511474.0,2115.913,1.0323,7.0879,85.61,20.58,23.53,11468.0,4080.11,5957.189,-0.6999999999999997,75,-0.24,144.10599999999977,4.430955993930197,-2.969280473113567,-8.242229367631293,-5.300000000000001,4.366977152659923,-0.1299999999999999
2022-12,4.41,3.88,1.58,4.5,8551169.0,427926.0,2553.716,1.0698,6.8972,82.82,21.67,24.29,10466.48,3839.5,5569.527,-0.5300000000000002,50,0.24,-387.66200000000026,3.632664922987505,-2.690500712481847,-3.258965074173581,1.0900000000000034,-8.73317056156261,0.03000000000000025
2023-01,4.21,3.52,1.28,4.5,8470557.0,491848.0,2061.572,1.0858,6.754,83.42,19.4,20.81,11584.55,4076.6,5917.137,-0.69,0,-0.30000000000000004,347.6099999999997,1.4956066554496106,-2.0762048367453545,0.7244626901714568,-2.270000000000003,10.682387966154817,-0.20000000000000018
2023-02,4.81,3.92,1.49,4.75,8382190.0,477333.0,2188.035,1.0602,6.9325,83.21,20.7,21.32,11455.54,3970.15,5716.822,-0.8899999999999997,25,0.20999999999999996,-200.3149999999996,-2.3577086019524796,2.6428782943441087,-0.2517381922800377,1.3000000000000007,-1.1136384235900243,0.5999999999999996
2023-03,4.06,3.48,1.16,5.0,8705942.0,183577.0,2375.171,1.0872,6.8676,79.19,18.7,21.23,12221.91,4109.31,6147.1939999999995,-0.5799999999999996,25,-0.33000000000000007,430.3719999999994,2.5466893039049143,-0.9361702127659521,-4.831150102151183,-2.0,6.689950888391105,-0.75
2023-04,4.04,3.44,1.26,5.0,8562768.0,291702.0,2325.479,1.104,6.911,81.32,15.78,19.54,12226.58,4169.48,5945.587000000001,-0.6000000000000001,0,0.10000000000000009,-201.60699999999815,1.5452538631346657,0.6319529384355427,2.689733552216178,-2.92,0.03821006700261975,-0.019999999999999574
2023-05,4.4,3.64,1.46,5.25,8385854.0,48954.0,2254.859,1.0654,7.11,71.98,17.94,20.21,12935.29,4179.83,6082.040999999999,-0.7600000000000002,25,0.19999999999999996,136.4539999999979,-3.496376811594215,2.879467515554923,-11.48548942449581,2.160000000000002,5.7964696587271325,0.3600000000000003
2023-06,4.87,3.81,1.59,5.25,8340914.0,390571.0,2034.319,1.092,7.2513,74.51,13.59,16.02,13787.92,4450.38,5916.023999999999,-1.06,0,0.13000000000000012,-166.01699999999983,2.496714848883075,1.987341772151896,3.5148652403445446,-4.350000000000001,6.591502780378322,0.46999999999999975
2023-07,4.88,3.97,1.6,5.5,8243344.0,543597.0,1821.124,1.102,7.1426,85.22,13.63,16.01,14346.02,4588.96,5878.6230000000005,-0.9099999999999997,25,0.010000000000000009,-37.40099999999893,0.9157509157509125,-1.4990415511701327,14.373909542343299,0.040000000000000924,4.047746143000541,0.009999999999999787
2023-08,4.85,4.09,1.85,5.5,8121316.0,470800.0,1651.602,1.0839,7.2582,87.29,13.57,15.92,14034.97,4507.66,5998.914,-0.7599999999999998,0,0.25,120.29099999999926,-1.6424682395644319,1.6184582644975354,2.429007275287498,-0.0600000000000005,-2.168197172456199,-0.03000000000000025
2023-09,5.03,4.59,2.24,5.5,8002064.0,681143.0,1557.569,1.0584,7.296,95.86,17.52,18.51,13219.32,4288.05,5763.352000000001,-0.4400000000000004,0,0.3900000000000001,-235.561999999999,-2.352615554940496,0.5207902785814733,9.81784855080765,3.9499999999999993,-5.811554994417511,0.1800000000000006
2023-10,5.07,4.88,2.46,5.5,7907830.0,834418.0,1137.697,1.0568,7.3166,86.82,18.14,19.49,12851.24,4193.8,5935.715,-0.1900000000000004,0,0.21999999999999975,172.36299999999937,-0.15117157974301465,0.2823464912280693,-9.430419361568966,0.620000000000001,-2.784409485510597,0.040000000000000036
2023-11,4.73,4.37,2.14,5.5,7796145.0,739209.0,887.822,1.0908,7.136,81.72,12.92,15.44,14226.22,4567.8,6169.114,-0.3600000000000003,0,-0.31999999999999984,233.39899999999943,3.2172596517789476,-2.4683596205888003,-5.874222529371109,-5.220000000000001,10.699201010953029,-0.33999999999999986
2023-12,4.23,3.88,1.72,5.5,7712781.0,731405.0,1018.483,1.1062,7.0999,77.69,12.45,15.26,15011.35,4769.83,5962.893,-0.35000000000000053,0,-0.42000000000000015,-206.22099999999955,1.4118078474514295,-0.5058856502242137,-4.931473323543811,-0.47000000000000064,5.518893985893669,-0.5
2024-01,4.27,3.99,1.73,5.5,7630124.0,841550.0,615.379,1.0855,7.1673,82.98,14.35,15.96,15164.01,4845.65,6173.195,-0.27999999999999936,0,0.010000000000000009,210.30199999999968,-1.8712710178991232,0.9493091451992397,6.809113141974521,1.9000000000000004,1.016963830701445,0.03999999999999915
2024-02,4.64,4.25,1.92,5.5,7567807.0,785821.0,502.074,1.0807,7.1977,84.57,13.4,14.93,16091.92,5096.27,6279.912,-0.3899999999999997,0,0.18999999999999995,106.71700000000055,-0.4421925380009184,0.42414856361530084,1.9161243673174067,-0.9499999999999993,6.119159773701011,0.3700000000000001
2024-03,4.59,4.2,1.88,5.5,7484739.0,802233.0,594.428,1.0791,7.2203,86.17,13.01,15.19,16379.46,5254.35,6088.078,-0.3899999999999997,0,-0.040000000000000036,-191.83399999999983,-0.1480521883964192,0.3139891909915704,1.891923850065047,-0.39000000000000057,1.7868594922171965,-0.04999999999999982
2024-04,5.04,4.69,2.28,5.5,7402434.0,941430.0,534.234,1.0684,7.2401,88.23,15.65,16.59,15657.82,5035.69,5926.7699999999995,-0.34999999999999964,0,0.3999999999999999,-161.3080000000009,-0.9915670466129067,0.2742268326800801,2.390623186723917,2.6400000000000006,-4.405761850512768,0.4500000000000002
2024-05,4.89,4.51,2.16,5.5,7284319.0,704335.0,439.806,1.0846,7.241,79.41,12.92,14.66,16735.02,5277.51,6140.178000000001,-0.3799999999999999,0,-0.11999999999999966,213.40800000000127,1.5162860351928042,0.012430767530835496,-9.99659979598777,-2.7300000000000004,6.8796294758785015,-0.15000000000000036
2024-06,4.71,4.36,2.08,5.5,7231163.0,765417.0,664.57,1.0711,7.2672,87.26,12.44,14.52,17732.6,5460.48,5801.176,-0.34999999999999964,0,-0.08000000000000007,-339.0020000000004,-1.2446985063617966,0.36182847672974194,9.885404860848768,-0.4800000000000004,5.961032613047368,-0.17999999999999972
2024-07,4.29,4.09,1.85,5.5,7178391.0,786486.0,413.2,1.0823,7.2193,81.39,16.36,16.97,17599.4,5522.3,5978.705,-0.20000000000000018,0,-0.22999999999999998,177.52899999999954,1.045654000560181,-0.6591259357111467,-6.727022690809081,3.92,-0.7511588825101612,-0.41999999999999993
2024-08,3.91,3.91,1.76,5.5,7123238.0,745851.0,433.13,1.106,7.09,80.2,15.0,17.43,17713.62,5648.4,5944.257,0.0,0,-0.09000000000000008,-34.44800000000032,2.1897810218978186,-1.7910323715595644,-1.4620960805995842,-1.3599999999999994,0.6489993977067288,-0.3799999999999999
