month,members,not_trading_at_start,unknown_returns,universe,btc_trend,btc_vol_state,btc_close,btc_ret_pct,basket_ret_pct,alts_minus_btc_pct,dispersion_pct,btc_drawdown_pct,btc_vol_pct,basket_vol_pct,avg_correlation,breadth_above_ema50,btc_volume_share,calendar
2017-09,0,0,0,,,FIRTINALI,4378.51,,,,,-9.4397,131.8305,,,,,04: Çin ICO yasağı (sonradan bilinen)
2017-10,2,0,0,BTC ETH,,NORMAL,6463.0,47.6073,,,,0.0,70.4798,,,,0.7632,
2017-11,2,0,0,BTC ETH,,FIRTINALI,9838.96,52.2352,,,,-0.5844,87.0546,,,,0.8094,
2017-12,2,0,0,BTC ETH,,FIRTINALI,13716.36,39.4086,,,,-28.1966,154.7681,,,,0.8451,17: CME BTC vadelileri; BTC zirvesi (sonradan bilinen)
2018-01,2,0,0,BTC ETH,,FIRTINALI,10285.1,-25.0158,,,,-46.1588,133.3929,,,,0.6783,26: Coincheck hack (sonradan bilinen)
2018-02,2,0,0,BTC ETH,,FIRTINALI,10326.76,0.4051,,,,-45.9407,136.4342,,,,0.7433,
2018-03,5,0,0,BTC ETH NEO BNB BCC,,FIRTINALI,6923.91,-32.9518,,,,-63.7542,91.1772,,,,0.7133,
2018-04,6,0,0,BTC ETH NEO BNB LTC BCC,GECIS,FIRTINALI,9246.01,33.5374,,,,-51.5983,85.7095,,,,0.618,
2018-05,6,0,0,BTC ETH BNB NEO BCC LTC,DUSUS,NORMAL,7485.01,-19.0461,,,,-60.8169,56.0378,,,,0.5664,
2018-06,6,0,0,BTC ETH BCC BNB NEO LTC,DUSUS,NORMAL,6390.07,-14.6284,,,,-66.5488,71.9272,,,,0.5875,
2018-07,7,0,0,BTC ETH BNB BCC LTC NEO QTUM,DUSUS,NORMAL,7730.93,20.9835,,,,-59.5296,61.9593,,,,0.6288,
2018-08,8,0,0,BTC ETH BCC ADA BNB NEO LTC QTUM,DUSUS,NORMAL,7011.21,-9.3096,-26.0452,-19.1264,8.4991,-63.2972,53.6699,103.02,0.8412,0.125,0.6388,
2018-09,12,0,0,BTC ETH EOS BCC XRP ADA NEO BNB IOTA LTC XLM QTUM,DUSUS,NORMAL,6626.57,-5.4861,-1.2015,4.6741,25.636,-65.3107,48.5737,113.2743,0.8105,0.1667,0.4009,
2018-10,12,0,0,BTC ETH XRP EOS BCC ADA ONT NEO ETC TRX LTC XLM,DUSUS,SAKIN,6371.93,-3.8427,-14.2741,-11.3797,6.975,-66.6438,33.573,72.5509,0.8742,0.0833,0.3982,
2018-11,12,0,0,BTC ETH XRP EOS BCC TRX BNB ADA LTC NEO XLM ETC,DUSUS,FIRTINALI,4041.32,-36.5762,-35.7642,0.8858,15.4257,-78.8442,90.0786,108.4077,0.8699,0.0,0.4935,"15: BCH çatallanma savaşı, çöküş (sonradan bilinen)"
2018-12,12,0,0,BTC ETH XRP EOS XLM TRX ADA BNB LTC NEO ETC ONT,DUSUS,FIRTINALI,3702.9,-8.374,-1.5875,7.4034,17.7161,-80.6158,84.7177,128.6224,0.8054,0.1667,0.5084,
2019-01,12,0,0,BTC ETH XRP EOS TRX BNB ADA XLM LTC NEO ETC ONT,DUSUS,NORMAL,3434.1,-7.2592,-6.1568,1.2026,15.5766,-82.0229,50.8746,90.3819,0.7798,0.0833,0.393,
2019-02,12,0,0,BTC ETH TRX XRP BNB EOS LTC ADA NEO XLM ETC ONT,DUSUS,NORMAL,3813.69,11.0536,26.4076,16.7498,25.7418,-80.0358,53.9177,90.9862,0.6967,0.6667,0.3607,
2019-03,12,0,0,BTC ETH BNB XRP EOS LTC TRX BCHABC NEO ONT XLM ADA,DUSUS,SAKIN,4103.95,7.611,26.1147,20.1859,23.8216,-78.5163,23.5182,65.2214,0.5666,0.9167,0.336,
2019-04,12,0,0,BTC ETH BNB EOS LTC XRP BCHABC ADA TRX XLM ONT NEO,YUKSELIS,NORMAL,5320.81,29.6509,11.7075,-19.5747,20.3208,-72.1462,65.5381,93.2061,0.6992,0.5833,0.3625,
2019-05,12,0,0,BTC ETH BNB BCHABC EOS LTC XRP ADA TRX NEO ONT ETC,YUKSELIS,FIRTINALI,8555.0,60.7838,50.6258,-11.0814,14.5798,-55.2157,81.5977,104.9015,0.6925,1.0,0.4068,07: Binance hack (sonradan bilinen)
2019-06,12,0,0,BTC ETH BNB BCHABC XRP EOS LTC BTT TRX ADA FET NEO,YUKSELIS,FIRTINALI,10854.1,26.8743,-2.5094,-32.0549,17.0352,-43.1802,100.6579,101.5423,0.5943,0.5,0.5106,18: Facebook Libra duyurusu (sonradan bilinen)
2019-07,12,0,0,BTC ETH BNB XRP LTC EOS BCHABC TRX LINK ADA FET BTT,YUKSELIS,FIRTINALI,10080.53,-7.127,-24.9398,-19.4322,10.1597,-47.2297,99.9005,111.3131,0.7486,0.0833,0.6564,
2019-08,12,0,0,BTC ETH BNB EOS LTC XRP BCHABC LINK TRX NEO ADA BTT,YUKSELIS,NORMAL,9587.47,-4.8912,-23.4332,-20.2277,8.4568,-49.8108,65.483,71.4697,0.7044,0.0,0.7092,
2019-09,12,0,0,BTC ETH BNB LTC XRP BCHABC EOS LINK TRX MATIC ETC ADA,GECIS,NORMAL,8289.34,-13.5399,-10.6116,3.1945,9.4178,-56.6064,60.3488,93.3961,0.7584,0.0,0.5892,
2019-10,12,0,0,BTC ETH BNB XRP EOS LTC TRX BCHABC BTT LINK ETC ADA,GECIS,NORMAL,9140.85,10.2723,16.6757,6.9855,15.8012,-52.1488,75.0898,79.7086,0.7157,0.5833,0.5932,
2019-11,13,0,0,BTC ETH XRP BNB BCHABC EOS LINK TRX LTC ONT ADA NEO DOGE,DUSUS,NORMAL,7541.89,-17.4925,-17.3586,0.145,6.2027,-60.5192,51.8441,68.7463,0.7689,0.0,0.6499,
2019-12,13,1,0,BTC ETH BNB XRP EOS BCHABC LTC VET TRX LINK XLM ADA DOGE,DUSUS,NORMAL,7195.23,-4.5965,-13.8355,-10.079,5.0997,-62.3339,48.4034,64.6269,0.7575,0.0,0.6997,
2020-01,13,0,0,BTC ETH MATIC BNB TRX XRP EOS LTC VET LINK ATOM BTT DOGE,YUKSELIS,NORMAL,9352.89,29.9874,34.1565,4.5165,18.8258,-51.0388,56.4566,76.0735,0.6419,1.0,0.6642,
2020-02,13,0,0,BTC ETH ETC EOS LTC XRP BNB DASH TRX LINK ADA ZEC DOGE,GECIS,NORMAL,8523.61,-8.8666,-7.1276,1.8839,20.8353,-55.38,51.4916,95.051,0.7151,0.1538,0.4823,
2020-03,13,0,0,BTC ETH BCH XRP BNB LTC EOS ETC LINK TRX XTZ ADA DOGE,DUSUS,FIRTINALI,6410.44,-24.792,-32.5425,-8.3964,7.2556,-66.4422,206.5324,229.995,0.965,0.0,0.5722,12: COVID çöküşü (sonradan bilinen)
2020-04,13,0,0,BTC ETH BCH LINK BNB XRP EOS LTC XTZ ETC TRX ADA DOGE,GECIS,NORMAL,8620.0,34.4681,38.0754,3.9078,17.8095,-54.8754,71.5,85.6032,0.8004,1.0,0.5611,
2020-05,13,0,0,BTC ETH BNB LINK BCH XRP EOS LTC XTZ ETC ADA DASH DOGE,YUKSELIS,NORMAL,9448.27,9.6087,6.4384,-3.4345,16.1031,-50.5395,69.272,70.0742,0.787,0.9231,0.664,11: Bitcoin halving (3.)
2020-06,13,0,0,BTC ETH BNB BCH LINK XRP EOS ADA LTC ETC XTZ TRX DOGE,YUKSELIS,NORMAL,9138.55,-3.2781,-5.6944,-2.6177,9.4387,-52.1609,50.3536,54.3926,0.8401,0.3077,0.6099,
2020-07,13,0,0,BTC ETH ADA BNB VET BCH LINK XRP EOS ZIL LTC TRX DOGE,YUKSELIS,NORMAL,11335.46,24.04,43.2759,20.8389,24.0284,-40.6603,42.3911,83.3479,0.405,1.0,0.4538,
2020-08,13,0,0,BTC ETH LINK ADA VET XRP BNB BCH XLM XTZ EOS LTC DOGE,YUKSELIS,NORMAL,11649.51,2.7705,11.5705,9.5334,28.14,-39.0163,45.4065,86.1488,0.6056,0.6154,0.4019,11: MicroStrategy BTC alımı (sonradan bilinen)
2020-09,13,0,0,BTC ETH LINK XRP EOS BNB LTC BCH XTZ BAND OMG ADA DOGE,YUKSELIS,NORMAL,10776.59,-7.4932,-19.0971,-12.5709,17.6373,-43.5859,57.3291,119.9951,0.764,0.1538,0.3976,
2020-10,13,0,0,BTC ETH LINK BNB TRX XRP EOS ADA BCH LTC VET NEO DOGE,YUKSELIS,SAKIN,13791.0,27.9718,1.3004,-28.8941,15.763,-27.8059,35.279,51.7303,0.5277,0.4615,0.5061,21: PayPal kripto desteği (sonradan bilinen)
2020-11,13,0,0,BTC ETH LINK BNB BCH XRP LTC ADA TRX EOS SXP XMR DOGE,YUKSELIS,NORMAL,19695.87,42.8168,45.855,3.2913,45.2595,0.0,70.4239,108.9699,0.714,0.9231,0.482,
2020-12,13,0,0,BTC ETH XRP LINK YFI LTC ADA BCH BNB XLM EOS TRX DOGE,YUKSELIS,NORMAL,28923.63,46.8512,-0.4978,-51.2948,32.8526,0.0,65.0189,121.15,0.6851,0.5385,0.4824,
2021-01,13,0,0,BTC ETH XRP LTC BCH LINK BNB ADA DOT XLM YFI EOS DOGE,YUKSELIS,FIRTINALI,33092.98,14.415,107.7697,101.1342,181.553,-18.4557,105.3573,200.0853,0.4807,0.9231,0.4302,
2021-02,12,0,0,BTC ETH XRP DOGE DOT LTC LINK ADA BCH XLM BNB EOS,YUKSELIS,FIRTINALI,45135.66,36.3904,77.2064,44.5265,122.2171,-21.3782,99.9534,158.0915,0.4078,0.5,0.3509,08: Tesla BTC alımı (sonradan bilinen)
2021-03,12,0,0,BTC ETH BNB XRP ADA DOGE DOT LTC LINK BCH XLM EOS,YUKSELIS,NORMAL,58740.55,30.1422,21.0255,-9.9455,16.3706,-4.0005,69.8915,92.699,0.5712,1.0,0.4582,
2021-04,13,0,0,BTC ETH BNB CHZ ADA XRP DOT FIL ENJ THETA BTT HOT DOGE,YUKSELIS,NORMAL,57694.27,-1.7812,69.7543,77.4968,148.1898,-9.2501,67.1312,165.8259,0.3723,1.0,0.2358,14: Coinbase halka arz (sonradan bilinen)
2021-05,12,0,0,BTC ETH DOGE BNB XRP WIN BTT ADA VET TRX CHZ DOT,DUSUS,FIRTINALI,37253.81,-35.4289,-30.4566,5.4244,25.2641,-41.4018,113.3642,226.3079,0.8559,0.0833,0.2443,"19: Çin baskısı, çöküş (sonradan bilinen)"
2021-06,12,0,0,BTC ETH DOGE BNB XRP ADA MATIC ETC EOS DOT LTC LINK,DUSUS,FIRTINALI,35045.0,-5.9291,-24.5977,-20.3657,10.6132,-44.8761,99.0679,136.5213,0.8436,0.0833,0.3479,
2021-07,12,0,0,BTC ETH BNB DOGE ADA MATIC XRP DOT SOL VET LINK FIL,GECIS,NORMAL,41461.83,18.3103,1.721,-18.0974,11.4313,-34.7828,60.1057,87.082,0.7714,0.75,0.3706,
2021-08,12,0,0,BTC ETH AXS BNB DOGE XRP ADA TLM MATIC DOT ALICE LINK,YUKSELIS,NORMAL,47100.89,13.6006,44.1599,33.3375,31.1444,-25.9129,62.2649,119.8438,0.5155,1.0,0.2723,
2021-09,12,0,0,BTC ETH ADA DOGE XRP BNB SOL DOT AXS MATIC LUNA AVAX,YUKSELIS,NORMAL,43824.1,-6.957,-0.3512,7.2063,28.011,-31.0671,76.6113,133.4327,0.6533,0.4167,0.2484,07: El Salvador BTC yasal para (sonradan bilinen); 24: Çin kripto yasağı (sonradan bilinen)
2021-10,13,0,0,BTC ETH SOL ADA DOT AVAX BNB XRP FTM FIL LUNA FTT DOGE,YUKSELIS,NORMAL,61299.8,39.8769,32.6503,-7.8288,36.694,-7.1235,66.5612,90.9382,0.4618,0.8462,0.3177,
2021-11,12,0,0,BTC ETH SHIB DOGE SOL BNB DOT XRP FTM MANA ADA AXS,YUKSELIS,NORMAL,56950.56,-7.095,-3.1249,4.3311,24.8721,-15.6611,63.802,103.966,0.5264,0.5,0.2623,
2021-12,12,0,0,BTC ETH SHIB SAND MANA BNB SOL DOT LRC XRP AVAX TRX,DUSUS,NORMAL,46216.93,-18.8473,-20.956,-2.3004,6.5326,-31.5567,63.0537,98.78,0.6661,0.1667,0.2899,
2022-01,12,0,0,BTC ETH LUNA BNB MATIC SAND SHIB SOL GALA XRP AVAX DOT,DUSUS,NORMAL,38466.9,-16.7688,-33.0636,-17.7761,9.9824,-43.0338,53.9436,102.691,0.813,0.0,0.3053,
2022-02,13,0,0,BTC ETH FTM BNB LUNA SOL ADA ATOM DOT LINK NEAR SAND SHIB,DUSUS,FIRTINALI,43160.0,12.2004,5.0007,-7.7996,24.3729,-36.0837,83.4671,109.5037,0.8014,0.2308,0.3283,
2022-03,12,0,0,BTC ETH SHIB LUNA XRP GALA BNB SOL SLP AVAX SAND FTM,GECIS,NORMAL,45510.34,5.4456,5.2105,-0.2565,10.9162,-32.6031,62.8028,81.9833,0.6244,0.75,0.3625,
2022-04,12,0,0,BTC ETH LUNA SOL XRP BNB AVAX FTM SHIB GALA JASMY ADA,DUSUS,NORMAL,37630.8,-17.3137,-31.3316,-15.2923,13.6338,-44.272,48.6646,88.8074,0.6956,0.0,0.3583,
2022-05,12,0,0,BTC ETH LUNA DOGE SOL NEAR BNB ZIL SHIB XRP AVAX JASMY,DUSUS,FIRTINALI,31801.04,-15.492,-37.7403,-24.2708,22.9485,-52.9054,81.0122,158.3969,0.8207,0.0,0.3824,09: LUNA/UST çöküşü (sonradan bilinen)
2022-06,12,0,0,BTC ETH BNB SOL TRX XRP AVAX ADA NEAR SHIB FTM DOT,DUSUS,FIRTINALI,19942.21,-37.2907,-31.0016,6.8609,9.7029,-70.4673,90.1648,118.8476,0.7223,0.0,0.4287,13: Celsius / 3AC krizi (sonradan bilinen)
2022-07,12,0,0,BTC ETH SOL BNB ADA XRP TRX GMT AVAX DOGE SHIB UNFI,DUSUS,NORMAL,23293.32,16.8041,24.0538,7.9087,18.8452,-65.5046,62.2894,96.0779,0.7165,0.8333,0.5806,
2022-08,12,0,0,BTC ETH SOL MATIC BNB ETC ADA XRP AVAX GMT APE SHIB,DUSUS,NORMAL,20050.02,-13.9237,-14.2914,-0.4011,10.3154,-70.3076,53.4719,80.5549,0.6617,0.1667,0.63,
2022-09,12,0,0,BTC ETH ETC BNB SOL SHIB ADA OP CHZ DOGE XRP AVAX,DUSUS,NORMAL,19422.61,-3.1292,-0.685,2.6664,17.0772,-71.2368,64.8868,85.0161,0.6846,0.25,0.7648,15: Ethereum Merge (sonradan bilinen)
2022-10,12,0,0,BTC ETH XRP ETC LUNA BNB SOL CHZ ATOM ADA SHIB MATIC,DUSUS,SAKIN,20490.74,5.4994,3.498,-2.1834,10.1903,-69.655,31.6068,60.8931,0.5148,0.75,0.7774,
2022-11,12,0,0,BTC ETH DOGE XRP BNB SOL SHIB MATIC ADA CHZ ETC ATOM,DUSUS,FIRTINALI,17163.64,-16.2371,-19.7587,-3.8418,14.2635,-74.5821,82.5639,144.7747,0.857,0.25,0.7044,08: FTX çöküşü (sonradan bilinen)
2022-12,12,0,0,BTC ETH DOGE BNB XRP SOL MATIC CHZ LTC MASK LINK SHIB,DUSUS,SAKIN,16542.4,-3.6195,-22.3176,-20.3979,13.3527,-75.5021,27.928,59.2003,0.7237,0.0833,0.7742,
2023-01,12,0,0,BTC ETH DOGE XRP BNB LTC MATIC SOL LINK ADA SHIB TWT,YUKSELIS,NORMAL,23125.13,39.7931,43.5232,4.0692,32.652,-65.7537,43.4314,65.2292,0.6125,1.0,0.7782,
2023-02,12,0,0,BTC ETH SOL APT XRP DOGE GALA BNB MATIC SHIB LTC OP,YUKSELIS,NORMAL,23141.57,0.0711,-4.6377,-5.1369,14.7217,-65.7293,50.9563,79.4218,0.7381,0.4167,0.8014,
2023-03,12,0,0,BTC ETH MATIC APT XRP SOL BNB DOGE OP FIL FTM SHIB,YUKSELIS,NORMAL,28465.36,23.0053,3.2514,-21.5498,16.9169,-57.8452,68.6692,95.1351,0.7012,0.5,0.7758,"10: SVB çöküşü, USDC sapması (sonradan bilinen)"
2023-04,12,0,0,BTC ETH XRP CFX BNB SOL MATIC LTC FTM APT DOGE FIL,YUKSELIS,SAKIN,29233.21,2.6975,-4.2951,-7.6283,9.3487,-56.7081,39.6638,63.6296,0.617,0.4167,0.4622,
2023-05,12,0,0,BTC ETH DOGE XRP BNB SOL CFX OG LTC MATIC ADA INJ,YUKSELIS,SAKIN,27210.35,-6.9197,-8.7074,-1.9502,14.8771,-59.7038,34.1122,58.7784,0.6076,0.3333,0.4907,
2023-06,12,0,0,BTC ETH XRP BNB LTC SOL RNDR MATIC CFX DOGE ARPA FTM,YUKSELIS,NORMAL,30472.0,11.9868,-9.1102,-23.0149,15.3814,-54.8736,47.7554,90.1969,0.7085,0.4167,0.4921,15: BlackRock spot ETF başvurusu (sonradan bilinen)
2023-07,12,0,0,BTC ETH XRP BNB LTC SOL ARB BCH MATIC LINA DOGE ADA,YUKSELIS,SAKIN,29232.25,-4.0685,4.5417,9.393,18.2812,-56.7095,24.9923,69.5082,0.505,0.4167,0.3885,
2023-08,12,0,0,BTC ETH XRP SOL BNB DOGE LTC BCH ARB MATIC XVG ADA,DUSUS,NORMAL,25940.78,-11.2597,-19.4063,-8.8872,7.4815,-61.5839,41.132,58.415,0.7418,0.0,0.4797,
2023-09,12,0,0,BTC ETH XRP BNB SOL SHIB DOGE YGG LTC OP MATIC BCH,GECIS,SAKIN,26962.56,3.9389,0.9277,-3.285,5.5911,-60.0707,22.3152,40.6443,0.6036,0.4167,0.5011,
2023-10,12,0,0,BTC ETH XRP BNB SOL HIFI TRB LTC ARB LINK DOGE BCH,YUKSELIS,NORMAL,34639.77,28.4736,25.2574,-3.5086,36.3096,-48.7015,43.6608,66.4426,0.4881,1.0,0.5087,
2023-11,12,0,0,BTC ETH XRP SOL BNB LINK LOOM DOGE MATIC TRB ARB RUNE,YUKSELIS,NORMAL,37723.96,8.9036,20.3109,12.4443,37.2545,-44.134,42.3145,93.3329,0.43,0.75,0.3628,
2023-12,12,0,0,BTC ETH SOL XRP BNB DOGE LINK AVAX MATIC GAS RUNE USTC,YUKSELIS,NORMAL,42283.58,12.0868,15.1327,3.3227,34.5984,-37.3816,44.543,76.5647,0.4131,0.75,0.3656,
2024-01,12,0,0,BTC ETH SOL BNB AVAX XRP DOGE ADA OP MATIC ARB LINK,YUKSELIS,NORMAL,42580.0,0.701,-7.703,-9.168,10.735,-36.9426,55.2051,78.2615,0.6643,0.4167,0.4099,10: Spot BTC ETF onayı (sonradan bilinen)
2024-02,12,0,0,BTC ETH SOL BNB ARB XRP SEI SUI AVAX TIA OP PEOPLE,YUKSELIS,NORMAL,61130.98,43.5674,29.3051,-15.5588,20.9784,-9.4702,45.8216,68.7446,0.2916,0.9167,0.4364,
2024-03,12,0,0,BTC ETH SOL BNB XRP WLD DOGE LINK ARB AVAX SUI FIL,YUKSELIS,NORMAL,71280.01,16.6021,24.9066,9.0595,28.8068,-2.4529,74.5703,111.2621,0.4237,0.9167,0.366,
2024-04,12,0,0,BTC ETH SOL SHIB BNB DOGE PEPE XRP FLOKI AVAX ARB WLD,YUKSELIS,NORMAL,60672.0,-14.8822,-28.7591,-15.1385,12.4906,-16.97,53.0175,102.3469,0.8076,0.1667,0.3852,20: Bitcoin halving (4.)
2024-05,12,0,0,BTC ETH SOL DOGE BNB PEPE XRP SHIB NEAR ORDI BCH RUNE,YUKSELIS,NORMAL,67540.01,11.3199,26.8381,16.9289,34.6719,-7.5711,53.4027,79.7037,0.5747,0.75,0.3617,
2024-06,12,0,0,BTC ETH SOL PEPE DOGE BNB XRP SHIB BONK FLOKI PEOPLE RNDR,YUKSELIS,SAKIN,62772.01,-7.0595,-16.1317,-9.8969,13.9478,-14.0962,32.8744,79.7454,0.5495,0.1667,0.3783,
2024-07,12,0,0,BTC ETH SOL PEPE BNB WIF PEOPLE XRP FLOKI DOGE ORDI BOME,YUKSELIS,NORMAL,64628.0,2.9567,-0.6854,-3.9732,14.15,-11.5562,46.4952,108.6812,0.696,0.4167,0.404,
2024-08,12,0,0,BTC ETH SOL PEPE XRP WIF BNB DOGE 1000SATS BONK WLD BOME,GECIS,NORMAL,58973.99,-8.7485,-19.6483,-11.8906,13.7827,-19.2938,68.5443,108.4222,0.7439,0.1667,0.4044,05: Yen carry çözülmesi (sonradan bilinen)
